<sentence>,<sentence>,<sentence>,<sentence>
,basidia,,
,4-spored,,
,",",,
,at,,
,times,,
,3-spored,,
,or,,
,2-spored,,
,",",,
,measuring,,
,19-34,,
,x,,
,6-10,,
,µm,,
,",",,
,clavate,,
,or,,
,slightly,,
,truncate,,
,at,,
,the,,
,apex,,
,",",,
,with,,
,sterigmata,,
,up,,
,to,,
,4,,
,µm,,
,long,,
,.,,
</sentence>,</sentence>,</sentence>,</sentence>
,<sentence>,,
,pileipellis,,
,constituted,,
,by,,
,cylindrical,,
,hyphae,,
,",",,
,5-16,,
,µm,,
,wide,,
,",",,
,the,,
,wider,,
,the,,
,more,,
,constricted,,
,at,,
,septa,,
,",",,
,with,,
,terminal,,
,elements,,
,very,,
,long,,
,and,,
,with,,
,apex,,
,either,,
,rounded,,
,or,,
,progressively,,
,tapered,,
,.,,
,</sentence>,,
,<sentence>,,
,flowers,,
,:,,
,hypanthium,,
,disc-shaped,,
,;,,
,sepals,,
,prominently,,
,3-veined,,
,",",,
,ovate,,
,to,,
,lanceolate,,
,",",,
,2.5,,
,--,,
,3.2,,
,mm,,
,",",,
,not,,
,enlarging,,
,in,,
,fruit,,
,",",,
,apex,,
,green,,
,to,,
,purple,,
,",",,
,acute,,
,to,,
,acuminate,,
,",",,
,not,,
,hooded,,
,",",,
,stipitate-glandular,,
,;,,
,petals,,
,elliptic,,
,",",,
,0.8,,
,--,,
,1.3,,
,times,,
,as,,
,long,,
,as,,
,sepals,,
,",",,
,apex,,
,rounded,,
,",",,
,entire,,
,.,,
,</sentence>,,
,<sentence>,,
,myxillidae,,
,with,,
,smooth,,
,tornotes,,
,with,,
,hastate\/mucronate,,
,apices,,
,and,,
,an,,
,isotropic,,
,reticulation,,
,of,,
,thick,,
,acanthostrongyles,,
,",",,
,echinated,,
,by,,
,thick,,
,acanthostyles,,
,;,,
,microscleres,,
,robust,,
,spatulif-erous,,
,anchorate,,
,isochelae,,
,.,,
,</sentence>,,
,<sentence>,,
,length,,
,2.8-3,,
,0.1,,
,mm,,
,",",,
,width,,
,1.4-1,,
,0.5,,
,mm,,
,",",,
,l\/w,,
,#ERROR!,,
,2.0-2,,
,0.1,,
,.,,
,rostrum,,
,0.6-0,,
,0.7,,
,mm,,
,",",,
,r\/p,,
,#ERROR!,,
,0.6-0,,
,0.7,,
,.,,
,pronotum,,
,l\/w,,
,#ERROR!,,
,0.7-0,,
,0.9,,
,.,,
,procoxal,,
,apex,,
,indistinct,,
,;,,
,f\/p,,
,#ERROR!,,
,0.5-0,,
,0.8,,
,;,,
,t\/f,,
,#ERROR!,,
,0.8-1,,
,0,,
,.,,
,elytron,,
,l\/w,,
,#ERROR!,,
,1.2-1,,
,0.4,,
,.,,
,</sentence>,,
,<sentence>,,
,microscopic,,
,description,,
,:,,
,spores,,
,5.5-7-7,,
,0.5,,
,x,,
,4-5,,
,0.2,,
,-5.8,,
,?m,,
,",",,
,av,,
,.,,
,6.3,,
,x,,
,4.65,,
,?m,,
,",",,
,q,,
,#ERROR!,,
,1.15-1,,
,0.56,,
,",",,
,av,,
,.,,
,1.35,,
,",",,
,broadly,,
,ellipsoid,,
,to,,
,ellipsoid,,
,",",,
,light-brown,,
,in,,
,water,,
,",",,
,with,,
,prominent,,
,",",,
,hyaline,,
,hilar,,
,appendix,,
,",",,
,lacking,,
,a,,
,germ,,
,pore,,
,",",,
,mono,,
,or,,
,multiguttulate,,
,.,,
,</sentence>,,
,<sentence>,,
,diagnosis,,
,:,,
,protibia,,
,posteriorly,,
,with,,
,row,,
,of,,
,6,,
,-,,
,10,,
,long,,
,",",,
,broad,,
,",",,
,triangular,,
,spines,,
,",",,
,extending,,
,along,,
,entire,,
,length,,
,of,,
,projected,,
,margin,,
,;,,
,male,,
,with,,
,aedeagal,,
,apodemes,,
,distinctly,,
,broadened,,
,in,,
,basal,,
,1,,
,\/,,
,3,,
,;,,
,female,,
,with,,
,spermatheca,,
,basally,,
,with,,
,elongate,,
,",",,
,triangular,,
,",",,
,acute,,
,appendix,,
,.,,
,</sentence>,,
,<sentence>,,
,hypostomal,,
,and,,
,lower,,
,genal,,
,areas,,
,of,,
,male,,
,",",,
,at,,
,least,,
,in,,
,ventral,,
,view,,
,",",,
,slightly,,
,concave,,
,to,,
,deeply,,
,excavated,,
,;,,
,first,,
,flagellar,,
,segment,,
,of,,
,male,,
,broader,,
,than,,
,long,,
,",",,
,following,,
,segments,,
,often,,
,convex,,
,ventrally,,
,and,,
,thus,,
,moniliform,,
,and,,
,each,,
,with,,
,glabrous,,
,",",,
,shiny,,
,area,,
,or,,
,band,,
,mesally,,
,.,,
,</sentence>,,
,<sentence>,,
,frons,,
,and,,
,interantennal,,
,area,,
,without,,
,juxtantennal,,
,carinae,,
,;,,
,t6,,
,not,,
,emarginate,,
,medially,,
,and\/or,,
,t6,,
,medially,,
,with,,
,parallel-sided,,
,longitudinal,,
,crest,,
,.,,
,</sentence>,,
,<sentence>,,
,dorsum,,
,of,,
,head,,
,between,,
,the,,
,frontal,,
,carinae,,
,with,,
,eight,,
,roughly,,
,parallel,,
,",",,
,quite,,
,widely,,
,separated,,
,",",,
,strong,,
,longitudinal,,
,costae,,
,;,,
,the,,
,spaces,,
,between,,
,them,,
,with,,
,superficial,,
,granular,,
,ground-sculpture,,
,.,,
,sides,,
,of,,
,head,,
,between,,
,frontal,,
,carinae,,
,and,,
,eye,,
,rugose,,
,",",,
,with,,
,granular,,
,ground,,
,sculpture,,
,between,,
,the,,
,rugae,,
,and,,
,with,,
,a,,
,few,,
,cross,,
,meshes,,
,above,,
,and,,
,in,,
,front,,
,of,,
,the,,
,eye,,
,.,,
,sides,,
,of,,
,head,,
,below,,
,and,,
,behind,,
,eye,,
,strongly,,
,sulcate,,
,.,,
,sides,,
,of,,
,pronotum,,
,strongly,,
,sulcate,,
,",",,
,the,,
,sulci,,
,inclined,,
,slightly,,
,backwards,,
,from,,
,the,,
,vertical,,
,.,,
,remainder,,
,of,,
,sides,,
,of,,
,alitrunk,,
,longitudinally,,
,rugose,,
,except,,
,in,,
,the,,
,area,,
,below,,
,the,,
,propodeal,,
,margin,,
,where,,
,the,,
,rugae,,
,irregular,,
,.,,
,promesonotal,,
,dorsum,,
,strongly,,
,and,,
,regularly,,
,longitudinally,,
,sulcate,,
,.,,
,</sentence>,,
,<sentence>,,
,pileus,,
,6-15-18,,
,cm,,
,in,,
,diameter,,
,",",,
,at,,
,first,,
,globose,,
,",",,
,then,,
,hemispherical,,
,or,,
,hemispherical,,
,with,,
,truncate,,
,margin,,
,",",,
,finally,,
,planoconvex,,
,with,,
,slightly,,
,depressed,,
,center,,
,",",,
,white,,
,",",,
,greyish-white,,
,",",,
,ochraceous,,
,to,,
,more,,
,or,,
,less,,
,dark-brown,,
,",",,
,often,,
,broken,,
,up,,
,into,,
,appressed,,
,scales,,
,on,,
,a,,
,white,,
,background,,
,",",,
,excepted,,
,for,,
,a,,
,white,,
,marginal,,
,area,,
,.,,
,</sentence>,,
,<sentence>,,
,male,,
,has,,
,uniformly,,
,rusty,,
,brown,,
,underparts,,
,",",,
,except,,
,for,,
,white,,
,undertail,,
,coverts,,
,and,,
,white,,
,throat,,
,.,,
,female,,
,differs,,
,in,,
,having,,
,bluish,,
,gray,,
,band,,
,on,,
,upper,,
,breast,,
,with,,
,narrow,,
,whitish,,
,band,,
,separating,,
,this,,
,from,,
,rufous,,
,belly,,
,.,,
,</sentence>,,
,<sentence>,,
,tail,,
,with,,
,4,,
,straight,,
,alternating,,
,bands,,
,of,,
,dark,,
,and,,
,light-brown,,
,or,,
,blue,,
,gray,,
,in,,
,adults,,
,;,,
,brown,,
,tail,,
,bands,,
,in,,
,immatures,,
,.,,
,</sentence>,,
,<sentence>,,
,puncta,,
,orientated,,
,in,,
,a,,
,closed,,
,ring,,
,in,,
,the,,
,central,,
,area,,
,of,,
,the,,
,valve,,
,face,,
,.,,
,the,,
,striation,,
,fine,,
,with,,
,circular,,
,hyaline,,
,bands,,
,crossing,,
,the,,
,costae,,
,.,,
,</sentence>,,
,<sentence>,,
,buccal,,
,cavity,,
,large,,
,and,,
,narrow,,
,divided,,
,in,,
,two,,
,parts,,
,by,,
,a,,
,sclerotized,,
,transverse,,
,band,,
,",",,
,three,,
,teeth,,
,of,,
,which,,
,one,,
,ventrosublateral,,
,the,,
,largest,,
,.,,
,</sentence>,,
,<sentence>,,
,stipe,,
,2.5-5,,
,x,,
,0.5-2,,
,0.5,,
,cm,,
,",",,
,cylindrical,,
,",",,
,clavate,,
,or,,
,ventricose,,
,",",,
,often,,
,with,,
,a,,
,pointed,,
,base,,
,",",,
,solid,,
,at,,
,first,,
,",",,
,then,,
,narrowly,,
,fistulose,,
,",",,
,annulus,,
,generally,,
,median,,
,",",,
,above,,
,the,,
,annulus,,
,",",,
,white,,
,",",,
,smooth,,
,",",,
,below,,
,clearly,,
,fibrillose,,
,",",,
,towards,,
,the,,
,base,,
,often,,
,with,,
,one,,
,or,,
,two,,
,thin,,
,transverse,,
,bands,,
,",",,
,more,,
,or,,
,less,,
,complete,,
,and,,
,concolorous,,
,with,,
,the,,
,pileus,,
,.,,
,</sentence>,,
,<sentence>,,
,stems,,
,spreading,,
,",",,
,sometimes,,
,matted,,
,",",,
,often,,
,with,,
,persistent,,
,leaf-bases,,
,",",,
,up,,
,to,,
,1\/2,,
,or,,
,more,,
,height,,
,of,,
,plant,,
,;,,
,caudex,,
,stems,,
,absent,,
,or,,
,matted,,
,.,,
,</sentence>,,
,<sentence>,,
,koh,,
,reaction,,
,negative,,
,on,,
,the,,
,pileus,,
,surface,,
,",",,
,positive,,
,in,,
,stipe,,
,base,,
,",",,
,orange-ochraceous,,
,on,,
,its,,
,surface,,
,and,,
,yellow,,
,to,,
,orange-yellow,,
,in,,
,the,,
,context,,
,.,,
,</sentence>,,
,<sentence>,,
,elytra,,
,convex,,
,oblongo,,
,navicular,,
,",",,
,covering,,
,almost,,
,the,,
,pygidium,,
,",",,
,a,,
,little,,
,wider,,
,the,,
,prothorax,,
,and,,
,slightly,,
,indented,,
,at,,
,the,,
,base,,
,",",,
,with,,
,the,,
,shoulders,,
,calloused,,
,.,,
,</sentence>,,
,<sentence>,,
,a,,
,single,,
,fultoportula,,
,with,,
,two,,
,or,,
,one,,
,satellite,,
,pores,,
,in,,
,the,,
,central,,
,area,,
,of,,
,the,,
,valve,,
,face,,
,.,,
,one,,
,slitlike,,
,rimoportule,,
,located,,
,at,,
,the,,
,base,,
,of,,
,one,,
,of,,
,the,,
,costae,,
,.,,
,</sentence>,,
,<sentence>,,
,stipe,,
,4-5-12,,
,x,,
,0.8-1,,
,0.2,,
,-1.7,,
,cm,,
,",",,
,fistulose,,
,",",,
,straight,,
,or,,
,flexuous,,
,",",,
,equal,,
,or,,
,more,,
,or,,
,less,,
,bulbous,,
,at,,
,base,,
,",",,
,2-3,,
,cm,,
,",",,
,with,,
,an,,
,apical,,
,annulus,,
,",",,
,above,,
,which,,
,pinkish,,
,at,,
,first,,
,",",,
,then,,
,greyish,,
,",",,
,and,,
,below,,
,with,,
,white,,
,",",,
,appressed,,
,fibrils,,
,which,,
,may,,
,coalesce,,
,into,,
,more,,
,or,,
,less,,
,visible,,
,transversal,,
,belts,,
,;,,
,base,,
,becoming,,
,reddish-brown,,
,with,,
,age,,
,or,,
,on,,
,drying,,
,out,,
,.,,
,</sentence>,,
,<sentence>,,
,pileus,,
,3-8,,
,cm,,
,in,,
,diameter,,
,",",,
,at,,
,first,,
,globose,,
,",",,
,then,,
,hemispherical,,
,with,,
,truncate,,
,margin,,
,",",,
,finally,,
,planoconvex,,
,or,,
,shallowly,,
,depressed,,
,in,,
,the,,
,middle,,
,.,,
,initially,,
,entirely,,
,covered,,
,",",,
,except,,
,for,,
,a,,
,narrow,,
,whitish,,
,marginal,,
,belt,,
,",",,
,1-2,,
,mm,,
,broad,,
,",",,
,with,,
,radial,,
,appressed,,
,fibrils,,
,",",,
,variable,,
,in,,
,color,,
,",",,
,typically,,
,bright,,
,reddish-brown,,
,copper,,
,",",,
,but,,
,also,,
,various,,
,shades,,
,of,,
,brown,,
,",",,
,fulvous-brown,,
,to,,
,dark-brown,,
,",",,
,almost,,
,blackish,,
,",",,
,with,,
,violaceous,,
,or,,
,purple,,
,tinges,,
,",",,
,after,,
,pileus,,
,expansion,,
,it,,
,may,,
,remain,,
,completely,,
,fibrillose,,
,",",,
,become,,
,fibrillose-squamose,,
,towards,,
,disc,,
,or,,
,squamose,,
,at,,
,disc,,
,with,,
,triangular,,
,concentrically-arranged,,
,scales,,
,and,,
,a,,
,lighter,,
,",",,
,almost,,
,white,,
,margin,,
,.,,
,</sentence>,,
,<sentence>,,
,s7,,
,of,,
,male,,
,with,,
,two,,
,pairs,,
,of,,
,apical,,
,lobes,,
,narrowly,,
,connected,,
,to,,
,narrow,,
,body,,
,of,,
,sternum,,
,.,,
,</sentence>,,
,<sentence>,,
,one,,
,mandible,,
,and,,
,one,,
,tooth,,
,together,,
,form,,
,a,,
,unit,,
,",",,
,which,,
,can,,
,moved,,
,back,,
,and,,
,forth,,
,by,,
,specialized,,
,pharyngeal,,
,muscles,,
,",",,
,whereby,,
,the,,
,frontal,,
,section,,
,of,,
,the,,
,unit,,
,moved,,
,in,,
,line,,
,with,,
,the,,
,body,,
,axis,,
,.,,
,</sentence>,,
,<sentence>,,
,female,,
,buccal,,
,cavity,,
,divided,,
,into,,
,two,,
,unequal,,
,portions,,
,by,,
,an,,
,anterior,,
,transverse,,
,band,,
,",",,
,ring,,
,or,,
,row,,
,of,,
,denticles,,
,;,,
,other,,
,rings,,
,",",,
,which,,
,might,,
,present,,
,faint,,
,and,,
,concentrated,,
,at,,
,the,,
,posterior,,
,end,,
,of,,
,the,,
,buccal,,
,cavity,,
,.,,
,</sentence>,,
,<sentence>,,
,club-shaped,,
,phymatellidae,,
,with,,
,numerous,,
,longitudinal,,
,canals,,
,on,,
,the,,
,surface,,
,of,,
,choanosomal,,
,skeleton,,
,and,,
,shallow,,
,apical,,
,cavity,,
,.,,
,</sentence>,,
,<sentence>,,
,pinnules,,
,round,,
,to,,
,oblong,,
,",",,
,obtuse,,
,",",,
,0.8-3,,
,mm,,
,long,,
,",",,
,0.8-2,,
,mm,,
,wide,,
,",",,
,glabrous,,
,;,,
,margins,,
,strongly,,
,reflexed,,
,",",,
,prominently,,
,ciliate,,
,",",,
,forming,,
,a,,
,pouchlike,,
,cavity,,
,abaxially,,
,;,,
,adaxial,,
,surface,,
,with,,
,bright-yellow,,
,waxy,,
,powder,,
,.,,
,</sentence>,,
,<sentence>,,
,mandible,,
,short,,
,",",,
,pollex,,
,much,,
,broadened,,
,and,,
,rounded,,
,or,,
,subtruncate,,
,",",,
,not,,
,exceeded,,
,by,,
,mandibular,,
,apex,,
,",",,
,which,,
,a,,
,small,,
,tooth,,
,;,,
,apical,,
,width,,
,of,,
,mandible,,
,equal,,
,to,,
,or,,
,greater,,
,than,,
,basal,,
,width,,
,;,,
,scape,,
,of,,
,male,,
,slender,,
,to,,
,moderately,,
,swollen,,
,",",,
,seldom,,
,globular,,
,;,,
,frons,,
,of,,
,male,,
,without,,
,cavity,,
,above,,
,antennal,,
,socket,,
,.,,
,</sentence>,,
,<sentence>,,
,annulus,,
,lower,,
,surface,,
,constituted,,
,by,,
,cylindrical,,
,hyphae,,
,which,,
,frequently,,
,branched,,
,",",,
,hardly,,
,constricted,,
,at,,
,septa,,
,and,,
,4-9,,
,µm,,
,wide,,
,",",,
,and,,
,hyphae,,
,9-11,,
,µm,,
,wide,,
,",",,
,whose,,
,hyphal,,
,cells,,
,show,,
,more,,
,rounded,,
,extremities,,
,and,,
,consequently,,
,easily,,
,disarticulated,,
,.,,
,</sentence>,,
,<sentence>,,
,annulus,,
,lower,,
,surface,,
,constituted,,
,by,,
,thin,,
,",",,
,cylindrical,,
,hyphae,,
,",",,
,4-10,,
,µm,,
,wide,,
,",",,
,without,,
,elements,,
,easily,,
,disarticulating,,
,into,,
,isolated,,
,hyphal,,
,cells,,
,with,,
,rounded,,
,ends,,
,.,,
,</sentence>,,
,<sentence>,,
,in,,
,the,,
,alaimina,,
,the,,
,anterior,,
,part,,
,of,,
,the,,
,pharynx,,
,slender,,
,and,,
,the,,
,posterior,,
,third,,
,enlarged,,
,.,,
,the,,
,pharyngo-intestinal,,
,valve,,
,generally,,
,imbedded,,
,within,,
,the,,
,anterior,,
,intestinal,,
,cells,,
,;,,
,rarely,,
,cardiac,,
,gland,,
,cells,,
,present,,
,.,,
,</sentence>,,
,<sentence>,,
,habitus,,
,well,,
,portrayed,,
,in,,
,figures,,
,1,,
,and,,
,2,,
,.,,
,figure,,
,2,,
,shows,,
,the,,
,head,,
,tilted,,
,slightly,,
,back,,
,from,,
,the,,
,fullface,,
,view,,
,plane,,
,",",,
,so,,
,that,,
,the,,
,posterior,,
,cephalic,,
,margin,,
,appears,,
,straight,,
,and,,
,slightly,,
,surpassed,,
,by,,
,the,,
,scapes,,
,laid,,
,back,,
,in,,
,repose,,
,.,,
,in,,
,perfect,,
,fullface,,
,view,,
,",",,
,the,,
,center,,
,of,,
,the,,
,posterior,,
,margin,,
,feebly,,
,concave,,
,",",,
,and,,
,the,,
,scape,,
,laid,,
,back,,
,does,,
,not,,
,quite,,
,attain,,
,it,,
,.,,
,</sentence>,,
,<sentence>,,
,the,,
,median,,
,area,,
,about,,
,half,,
,the,,
,diameter,,
,of,,
,the,,
,valve,,
,",",,
,tangentially,,
,waved,,
,and,,
,one,,
,or,,
,more,,
,large,,
,pores,,
,located,,
,at,,
,distance,,
,from,,
,the,,
,center,,
,.,,
,</sentence>,,
,<sentence>,,
,sexually,,
,dimorphic,,
,in,,
,plumage,,
,and,,
,size,,
,",",,
,showing,,
,little,,
,",",,
,clinal,,
,geographic,,
,variation,,
,.,,
,on,,
,definitive,,
,basic,,
,male,,
,",",,
,crown,,
,",",,
,nape,,
,",",,
,back,,
,",",,
,and,,
,scapulars,,
,black,,
,;,,
,remainder,,
,of,,
,head,,
,and,,
,underparts,,
,orange-yellow,,
,",",,
,interrupted,,
,by,,
,black,,
,eye-line,,
,and,,
,black,,
,on,,
,chin,,
,and,,
,center,,
,of,,
,throat,,
,.,,
,</sentence>,,
,<sentence>,,
,indusium,,
,brown,,
,with,,
,a,,
,darker,,
,center,,
,and,,
,colored,,
,glands,,
,on,,
,margins,,
,.,,
,</sentence>,,
,<sentence>,,
,ehrenberg,,
,collection,,
,",",,
,lbv,,
,valves,,
,circular,,
,",",,
,plane,,
,to,,
,slightly,,
,arched,,
,with,,
,regular,,
,",",,
,branched,,
,striation,,
,and,,
,a,,
,center,,
,with,,
,distinct,,
,ornamentation,,
,.,,
,</sentence>,,
,<sentence>,,
,hypocone,,
,similar,,
,",",,
,but,,
,usually,,
,distinctly,,
,truncate,,
,",",,
,with,,
,antapex,,
,faintly,,
,indented,,
,at,,
,times,,
,.,,
,sulcus,,
,reaching,,
,from,,
,just,,
,behind,,
,apex,,
,all,,
,the,,
,way,,
,to,,
,antapex,,
,",",,
,with,,
,slight,,
,",",,
,left,,
,deflection,,
,in,,
,girdle,,
,region,,
,",",,
,rather,,
,narrow,,
,on,,
,epicone,,
,",",,
,wide,,
,on,,
,hypocone,,
,;,,
,anterior,,
,flagellar,,
,chamber,,
,a,,
,posteriorly,,
,pointed,,
,",",,
,finger-shaped,,
,cavity,,
,;,,
,posterior,,
,flagellar,,
,chamber,,
,an,,
,underhollowing,,
,of,,
,left,,
,sulcal,,
,margin,,
,opposite,,
,right,,
,girdle,,
,limb,,
,.,,
,</sentence>,,
,<sentence>,,
,amphids,,
,usually,,
,ventrally,,
,spiral,,
,",",,
,rarely,,
,dorsally,,
,spiral,,
,.,,
,buccal,,
,cavity,,
,well,,
,developed,,
,",",,
,mostly,,
,consisting,,
,of,,
,different,,
,chambers,,
,and,,
,armed,,
,with,,
,teeth,,
,or,,
,denticles,,
,.,,
,</sentence>,,
,<sentence>,,
,in,,
,many,,
,samples,,
,all,,
,costulae,,
,run,,
,straight,,
,back,,
,on,,
,the,,
,head,,
,",",,
,but,,
,commonly,,
,the,,
,outermost,,
,components,,
,tend,,
,to,,
,curve,,
,outwards,,
,behind,,
,the,,
,eyes,,
,.,,
,</sentence>,,
,<sentence>,,
,dorsal,,
,alitrunk,,
,densely,,
,costulate,,
,or,,
,rugose,,
,",",,
,the,,
,usual,,
,pattern,,
,with,,
,arched,,
,transverse,,
,sculpture,,
,on,,
,the,,
,anterior,,
,part,,
,of,,
,the,,
,pronotum,,
,followed,,
,by,,
,an,,
,area,,
,of,,
,longitudinal,,
,sculpture,,
,which,,
,runs,,
,back,,
,just,,
,beyond,,
,the,,
,mesothoracic,,
,spiracles,,
,",",,
,followed,,
,by,,
,coarser,,
,transverse,,
,sculpture,,
,on,,
,the,,
,remainder,,
,of,,
,the,,
,alitrunk,,
,dorsum,,
,.,,
,exceptions,,
,to,,
,this,,
,usually,,
,due,,
,to,,
,the,,
,extension,,
,of,,
,the,,
,longitudinal,,
,component,,
,on,,
,the,,
,pronotum,,
,at,,
,the,,
,expense,,
,of,,
,the,,
,transverse,,
,.,,
,</sentence>,,
,<sentence>,,
,paratype,,
,workers,,
,:,,
,maximum,,
,diameter,,
,of,,
,eye,,
,0.36,,
,-,,
,0.4,,
,",",,
,about,,
,0.22,,
,-,,
,0.24,,
,x,,
,hw,,
,.,,
,some,,
,with,,
,the,,
,posterodorsal,,
,angle,,
,of,,
,the,,
,petiole,,
,more,,
,rounded,,
,and,,
,the,,
,pronotal,,
,sculpture,,
,showing,,
,the,,
,usual,,
,variation,,
,",",,
,with,,
,differences,,
,in,,
,extent,,
,and,,
,direction,,
,of,,
,the,,
,longitudinal,,
,component,,
,.,,
,</sentence>,,
,<sentence>,,
,orthometanemes,,
,always,,
,occur,,
,on,,
,the,,
,dorsal,,
,and,,
,often,,
,also,,
,at,,
,the,,
,ventral,,
,edge,,
,of,,
,the,,
,epidermal,,
,chord,,
,:,,
,respectively,,
,referred,,
,to,,
,as,,
,dorsolateral,,
,and,,
,ventrolateral,,
,orthometanemes,,
,.,,
,a,,
,cilium,,
,situated,,
,in,,
,the,,
,core,,
,of,,
,each,,
,spindle,,
,shown,,
,:,,
,the,,
,anterior,,
,component,,
,a,,
,process,,
,from,,
,a,,
,modified,,
,single,,
,ciliated,,
,epidermal-cell,,
,",",,
,and,,
,the,,
,posterior,,
,component,,
,a,,
,dendrite,,
,of,,
,a,,
,nerve,,
,cell,,
,.,,
,</sentence>,,
,<sentence>,,
,accordingly,,
,",",,
,it,,
,better,,
,to,,
,define,,
,it,,
,as,,
,faint,,
,of,,
,anise,,
,or,,
,complex,,
,and,,
,fugacious,,
,",",,
,but,,
,not,,
,of,,
,phenol,,
,or,,
,iodine,,
,.,,
,spores,,
,5.8-8-8,,
,0.5,,
,x,,
,3.8-4-5-5,,
,0.5,,
,?m,,
,",",,
,av,,
,.,,
,7,,
,x,,
,4.5,,
,?m,,
,",",,
,q,,
,#ERROR!,,
,1.43-1,,
,0.7,,
,-1.75,,
,",",,
,av,,
,.,,
,1.55,,
,",",,
,ellipsoid,,
,",",,
,with,,
,generally,,
,non-tapered,,
,distal,,
,pole,,
,",",,
,brown,,
,",",,
,thick-walled,,
,and,,
,often,,
,with,,
,a,,
,rudimentary,,
,apical,,
,pore,,
,",",,
,with,,
,1-2,,
,refractive,,
,drops,,
,or,,
,granular,,
,content,,
,.,,
,</sentence>,,
,<sentence>,,
,microscopical,,
,description,,
,:,,
,spores,,
,6.5-8,,
,x,,
,4-5,,
,0.5,,
,?m,,
,",",,
,av,,
,.,,
,7.2,,
,x,,
,5.2,,
,µm,,
,",",,
,q,,
,#ERROR!,,
,1.3-1,,
,0.54,,
,",",,
,av,,
,.,,
,1.4,,
,",",,
,broadly,,
,ellipsoid,,
,",",,
,brown,,
,",",,
,thick-walled,,
,",",,
,sometimes,,
,with,,
,thin-walled,,
,apex,,
,",",,
,without,,
,an,,
,apical,,
,pore,,
,",",,
,with,,
,1-2,,
,refractive,,
,droplets,,
,or,,
,granular,,
,content,,
,.,,
,</sentence>,,
,<sentence>,,
,spores,,
,7.8-9,,
,0.2,,
,x,,
,5.8-6,,
,0.5,,
,µm,,
,",",,
,av,,
,.,,
,8.62,,
,x,,
,6,,
,µm,,
,",",,
,q,,
,#ERROR!,,
,1.31-1,,
,0.51,,
,",",,
,av,,
,.,,
,1.43,,
,",",,
,ellipsoid,,
,",",,
,brown,,
,",",,
,thick-walled,,
,and,,
,often,,
,with,,
,a,,
,rudimentary,,
,apical,,
,pore,,
,",",,
,with,,
,granular,,
,content,,
,.,,
,</sentence>,,
,<sentence>,,
,microscopic,,
,description,,
,based,,
,on,,
,my,,
,own,,
,analysis,,
,of,,
,the,,
,holotype,,
,:,,
,spores,,
,7-9,,
,x,,
,6-7,,
,0.5,,
,?m,,
,",",,
,av,,
,.,,
,8.2,,
,x,,
,6.9,,
,?m,,
,",",,
,q,,
,#ERROR!,,
,1.09-1,,
,0.18,,
,-1.29,,
,",",,
,av,,
,.,,
,1.18,,
,",",,
,broadly,,
,ellipsoid,,
,to,,
,subglobose,,
,",",,
,brown,,
,",",,
,lacking,,
,an,,
,apical,,
,pore,,
,",",,
,with,,
,prominent,,
,hilar,,
,appendage,,
,",",,
,content,,
,granular,,
,or,,
,at,,
,times,,
,forming,,
,a,,
,large,,
,drop,,
,.,,
,</sentence>,,
,<sentence>,,
,pileus,,
,surface,,
,almost,,
,smooth,,
,to,,
,slightly,,
,fibrillose,,
,when,,
,young,,
,",",,
,then,,
,breaking,,
,up,,
,into,,
,concentric,,
,scales,,
,separated,,
,by,,
,cracks,,
,which,,
,become,,
,deeper,,
,and,,
,deeper,,
,towards,,
,the,,
,periphery,,
,",",,
,revealing,,
,the,,
,pale,,
,cream,,
,subcuticular,,
,layer,,
,.,,
,</sentence>,,
,<sentence>,,
,internally,,
,the,,
,short,,
,tubulus,,
,has,,
,three,,
,or,,
,two,,
,satellite,,
,pores,,
,.,,
,if,,
,they,,
,have,,
,two,,
,satellite,,
,pores,,
,these,,
,towards,,
,the,,
,edge,,
,of,,
,the,,
,valve,,
,and,,
,towards,,
,the,,
,valve,,
,face,,
,\/,,
,mantle,,
,junction,,
,",",,
,in,,
,a,,
,radial,,
,position,,
,.,,
,</sentence>,,
,<sentence>,,
,the,,
,areolae,,
,on,,
,the,,
,valve,,
,face,,
,internally,,
,covered,,
,with,,
,domed,,
,cribra,,
,;,,
,those,,
,of,,
,the,,
,mantle,,
,internally,,
,difficult,,
,to,,
,discern,,
,due,,
,to,,
,a,,
,broad,,
,rim,,
,which,,
,extends,,
,partly,,
,over,,
,the,,
,mantle,,
,.,,
,neither,,
,the,,
,fascicles,,
,nor,,
,the,,
,interfascicles,,
,continue,,
,to,,
,the,,
,edge,,
,of,,
,the,,
,valve,,
,.,,
,</sentence>,,
,<sentence>,,
,mandible,,
,with,,
,two,,
,to,,
,five,,
,teeth,,
,",",,
,cutting,,
,edges,,
,absent,,
,or,,
,in,,
,second,,
,and,,
,third,,
,interspaces,,
,only,,
,",",,
,usually,,
,of,,
,quite,,
,different,,
,shapes,,
,in,,
,the,,
,two,,
,interspaces,,
,or,,
,absent,,
,in,,
,one,,
,or,,
,the,,
,other,,
,.,,
,</sentence>,,
,<sentence>,,
,three,,
,equal,,
,weak,,
,teeth,,
,whose,,
,apices,,
,at,,
,the,,
,level,,
,of,,
,the,,
,anterior,,
,edge,,
,of,,
,the,,
,pharyngeal,,
,collar,,
,.,,
,</sentence>,,
,<sentence>,,
,lamellae,,
,free,,
,",",,
,up,,
,to,,
,9,,
,mm,,
,broad,,
,",",,
,crowded,,
,",",,
,with,,
,lamellulae,,
,",",,
,at,,
,first,,
,pinkish,,
,",",,
,then,,
,brown,,
,and,,
,finally,,
,dark-brown,,
,almost,,
,black,,
,",",,
,edge,,
,whitish,,
,",",,
,fimbriate,,
,under,,
,a,,
,magnifying,,
,glass,,
,.,,
,</sentence>,,
,<sentence>,,
,lamellae,,
,free,,
,",",,
,crowded,,
,",",,
,up,,
,to,,
,1,,
,cm,,
,broad,,
,",",,
,with,,
,lamellulae,,
,",",,
,pink,,
,even,,
,in,,
,immature,,
,basidiomata,,
,",",,
,then,,
,reddish,,
,",",,
,much,,
,later,,
,brown,,
,and,,
,finally,,
,very,,
,dark-brown,,
,almost,,
,black,,
,",",,
,edge,,
,whitish,,
,and,,
,finely,,
,denticulate,,
,in,,
,young,,
,specimens,,
,",",,
,but,,
,soon,,
,concolorous,,
,with,,
,the,,
,faces,,
,.,,
,</sentence>,,
,<sentence>,,
,resembles,,
,willow,,
,ptarmigan,,
,in,,
,shape,,
,and,,
,size,,
,",",,
,but,,
,lacks,,
,the,,
,white,,
,winter,,
,plumage,,
,and,,
,feathering,,
,on,,
,the,,
,distal,,
,elements,,
,of,,
,the,,
,toes,,
,present,,
,in,,
,ptarmigan,,
,.,,
,</sentence>,,
,<sentence>,,
,basidia,,
,16-24,,
,x,,
,6-8,,
,?m,,
,",",,
,4-spored,,
,",",,
,clavate,,
,or,,
,slightly,,
,truncate,,
,at,,
,the,,
,apex,,
,",",,
,with,,
,sterigmata,,
,up,,
,to,,
,3,,
,?m,,
,long,,
,.,,
,cheilocystidia,,
,usually,,
,septate,,
,",",,
,with,,
,1-2,,
,septa,,
,",",,
,very,,
,numerous,,
,",",,
,hyaline,,
,;,,
,terminal,,
,elements,,
,clavate,,
,",",,
,broadly,,
,clavate,,
,or,,
,ovoid,,
,",",,
,measuring,,
,10-28,,
,x,,
,7-12,,
,?m,,
,",",,
,anteterminal,,
,ones,,
,",",,
,small,,
,",",,
,measuring,,
,3-16,,
,x,,
,5-9,,
,?m,,
,.,,
,in,,
,lapag,,
,241,,
,",",,
,fusoid,,
,terminal,,
,elements,,
,frequently,,
,observed,,
,",",,
,while,,
,in,,
,lapag,,
,341,,
,",",,
,catenulate,,
,cheilocystidia,,
,",",,
,with,,
,ovoid,,
,terminal,,
,elements,,
,as,,
,abundant,,
,as,,
,the,,
,clavate,,
,ones,,
,.,,
,</sentence>,,
,<sentence>,,
,cheilocystidia,,
,very,,
,abundant,,
,",",,
,hyaline,,
,",",,
,often,,
,with,,
,a,,
,basal,,
,septum,,
,",",,
,the,,
,terminal,,
,element,,
,clavate,,
,to,,
,cylindrical,,
,17-27,,
,x,,
,6-10,,
,?m,,
,and,,
,the,,
,anteterminal,,
,ones,,
,small,,
,5-14,,
,x,,
,4-7,,
,?m,,
,",",,
,sometimes,,
,simple,,
,",",,
,clavate,,
,to,,
,cylindrical,,
,18-32,,
,x,,
,4-15,,
,?m,,
,or,,
,pyriform,,
,to,,
,globose,,
,15-24,,
,x,,
,11-15,,
,?m,,
,.,,
,</sentence>,,
,<sentence>,,
,seeds,,
,tan,,
,with,,
,red,,
,spot,,
,near,,
,one,,
,end,,
,",",,
,ovoid,,
,",",,
,slightly,,
,laterally,,
,compressed,,
,",",,
,minutely,,
,roughened,,
,",",,
,marginal,,
,wing,,
,absent,,
,",",,
,appendage,,
,absent,,
,;,,
,embryo,,
,central,,
,",",,
,straight,,
,to,,
,slightly,,
,curved,,
,.,,
,</sentence>,,
,<sentence>,,
,dark,,
,underwings,,
,contrast,,
,with,,
,white,,
,belly,,
,in,,
,flight,,
,.,,
,at,,
,rest,,
,",",,
,wingtips,,
,extend,,
,slightly,,
,past,,
,end,,
,of,,
,tail,,
,.,,
,</sentence>,,
,<sentence>,,
,raspailiidae,,
,having,,
,a,,
,renieroid,,
,reticulate,,
,choanosomal,,
,skeleton,,
,",",,
,lacking,,
,any,,
,axial,,
,compression,,
,",",,
,cored,,
,by,,
,choanosomal,,
,styles,,
,with,,
,spines,,
,on,,
,both,,
,basal,,
,and,,
,distal,,
,ends,,
,.,,
,</sentence>,,
,<sentence>,,
,antennae,,
,inserting,,
,in,,
,the,,
,middle,,
,of,,
,the,,
,rostrum,,
,",",,
,scape,,
,as,,
,long,,
,as,,
,the,,
,two-segmented,,
,pedicel,,
,whose,,
,1st,,
,segment,,
,notably,,
,longer,,
,and,,
,wider,,
,than,,
,the,,
,remaining,,
,ones,,
,yet,,
,likewise,,
,transverse,,
,.,,
,club,,
,barely,,
,longer,,
,than,,
,wide,,
,",",,
,tapered,,
,towards,,
,the,,
,end,,
,.,,
,</sentence>,,
,<sentence>,,
,lower,,
,surface,,
,of,,
,the,,
,annulus,,
,with,,
,cylindrical,,
,hyphae,,
,",",,
,4-7,,
,µm,,
,wide,,
,",",,
,not,,
,or,,
,hardly,,
,constricted,,
,at,,
,septa,,
,",",,
,and,,
,hyphae,,
,9-12,,
,µm,,
,wide,,
,",",,
,deeply,,
,constricted,,
,at,,
,septa,,
,and,,
,easily,,
,disarticulating,,
,into,,
,isolated,,
,elements,,
,with,,
,rounded,,
,ends,,
,.,,
,</sentence>,,
,<sentence>,,
,petiole,,
,with,,
,both,,
,faces,,
,convex,,
,and,,
,dorsal,,
,margin,,
,somewhat,,
,angular,,
,;,,
,lateral,,
,spines,,
,short,,
,",",,
,curved,,
,backwards,,
,.,,
,anterior,,
,face,,
,of,,
,first,,
,gastral,,
,segment,,
,convex,,
,.,,
,</sentence>,,
,<sentence>,,
,with,,
,petiole,,
,in,,
,profile,,
,the,,
,lateral,,
,spongiform,,
,lobe,,
,extends,,
,forward,,
,to,,
,the,,
,level,,
,of,,
,",",,
,or,,
,slightly,,
,in,,
,front,,
,of,,
,the,,
,level,,
,of,,
,",",,
,the,,
,anterior,,
,face,,
,of,,
,the,,
,node,,
,in,,
,pyramica,,
,serket,,
,.,,
,in,,
,pyramica,,
,hoplites,,
,the,,
,spongiform,,
,lobe,,
,terminates,,
,behind,,
,the,,
,level,,
,of,,
,the,,
,nodes,,
,anterior,,
,face,,
,.,,
,</sentence>,,
,<sentence>,,
,one,,
,valve,,
,face,,
,fultoportula,,
,with,,
,a,,
,single,,
,rimoportula,,
,close,,
,to,,
,the,,
,opposite,,
,margin,,
,.,,
,the,,
,rimoportula,,
,positioned,,
,slightly,,
,more,,
,towards,,
,the,,
,valve,,
,face,,
,than,,
,the,,
,ring,,
,of,,
,mantle,,
,fultoportulae,,
,",",,
,which,,
,seem,,
,to,,
,placed,,
,on,,
,every,,
,second,,
,or,,
,third,,
,costa,,
,.,,
,</sentence>,,
,<sentence>,,
,clypeus,,
,of,,
,female,,
,with,,
,fine,,
,longitudinal,,
,median,,
,carina,,
,;,,
,lower,,
,face,,
,longitudinally,,
,striate,,
,;,,
,face,,
,of,,
,male,,
,with,,
,very,,
,large,,
,depression,,
,on,,
,each,,
,side,,
,",",,
,from,,
,clypeus,,
,to,,
,well,,
,above,,
,antennal,,
,sockets,,
,;,,
,scape,,
,of,,
,male,,
,greatly,,
,expanded,,
,and,,
,flattened,,
,;,,
,subapical,,
,metasomal,,
,segments,,
,of,,
,male,,
,with,,
,large,,
,",",,
,expanded,,
,",",,
,pubescent,,
,",",,
,pregradular,,
,areas,,
,.,,
,</sentence>,,
,<sentence>,,
,seeds,,
,brown,,
,",",,
,obliquely,,
,triangular,,
,with,,
,distinct,,
,abaxial,,
,groove,,
,",",,
,0.4,,
,mm,,
,",",,
,smooth,,
,to,,
,pebbled,,
,.,,
,</sentence>,,
,<sentence>,,
,nares,,
,long,,
,and,,
,narrow,,
,",",,
,covered,,
,from,,
,above,,
,by,,
,small,,
,fleshy,,
,operculum,,
,",",,
,and,,
,located,,
,in,,
,shallow,,
,groove,,
,12,,
,mm,,
,long,,
,",",,
,just,,
,anterior,,
,to,,
,feathering,,
,at,,
,base,,
,of,,
,bill,,
,.,,
,</sentence>,,
,<sentence>,,
,annulus,,
,superous,,
,",",,
,membranous,,
,",",,
,thick,,
,",",,
,double,,
,",",,
,up,,
,to,,
,2,,
,cm,,
,broad,,
,",",,
,with,,
,a,,
,groove,,
,along,,
,the,,
,margin,,
,separating,,
,the,,
,white,,
,",",,
,smooth,,
,or,,
,slightly,,
,striate,,
,upper,,
,surface,,
,from,,
,the,,
,lower,,
,",",,
,which,,
,pale-brown,,
,",",,
,fibrillose,,
,and,,
,shows,,
,large,,
,",",,
,discrete,,
,",",,
,deciduous,,
,",",,
,brown,,
,",",,
,irregularly,,
,distributed,,
,squames,,
,from,,
,the,,
,universal,,
,veil,,
,along,,
,the,,
,margin,,
,.,,
,occasionally,,
,the,,
,groove,,
,so,,
,deep,,
,as,,
,to,,
,divide,,
,the,,
,annulus,,
,into,,
,two,,
,membranes,,
,which,,
,may,,
,attached,,
,at,,
,different,,
,heights,,
,on,,
,the,,
,upper,,
,stipe,,
,.,,
,</sentence>,,
,<sentence>,,
,sensory,,
,organs,,
,:,,
,amphids,,
,typically,,
,non-spiral,,
,with,,
,a,,
,transverse,,
,slitlike,,
,or,,
,oval,,
,aperture,,
,and,,
,a,,
,large,,
,",",,
,pocket-shaped,,
,fovea,,
,.,,
,occasionally,,
,the,,
,aperture,,
,a,,
,longitudinal,,
,groove,,
,or,,
,indistinct,,
,;,,
,in,,
,the,,
,latter,,
,case,,
,a,,
,subcuticular,,
,sinusoidal,,
,structure,,
,can,,
,observed,,
,as,,
,far,,
,back,,
,as,,
,the,,
,nerve,,
,ring,,
,.,,
,</sentence>,,
,<sentence>,,
,dorsal,,
,surfaces,,
,covered,,
,with,,
,a,,
,layer,,
,of,,
,short,,
,decumbent,,
,and,,
,longer,,
,more,,
,or,,
,less,,
,erect,,
,soft,,
,hairs,,
,.,,
,</sentence>,,
,<sentence>,,
,antennal,,
,scape,,
,with,,
,long,,
,suberect,,
,hairs,,
,over,,
,pubescence,,
,;,,
,funiculus,,
,with,,
,short,,
,",",,
,dense,,
,and,,
,erect,,
,pubescence,,
,",",,
,in,,
,addition,,
,a,,
,second,,
,layer,,
,of,,
,longer,,
,",",,
,erect,,
,dilute,,
,fine,,
,hairs,,
,.,,
,</sentence>,,
,<sentence>,,
,major,,
,:,,
,posterior,,
,third,,
,of,,
,dorsal,,
,head,,
,profile,,
,lined,,
,with,,
,a,,
,dense,,
,carpet,,
,of,,
,very,,
,short,,
,",",,
,suberect,,
,hairs,,
,of,,
,about,,
,equal,,
,length,,
,;,,
,the,,
,occipital,,
,margin,,
,in,,
,fullface,,
,view,,
,lined,,
,with,,
,similar,,
,",",,
,subrecumbent,,
,hairs,,
,;,,
,a,,
,similar,,
,layer,,
,of,,
,short,,
,subrecumbent,,
,hairs,,
,lines,,
,the,,
,ventral,,
,profile,,
,of,,
,the,,
,first,,
,gastral,,
,sternite,,
,;,,
,nadir,,
,of,,
,occipital,,
,cleft,,
,deep,,
,;,,
,rugoreticulum,,
,on,,
,each,,
,side,,
,of,,
,head,,
,extends,,
,from,,
,eye,,
,to,,
,antennal,,
,fossa,,
,and,,
,frontal,,
,carina,,
,;,,
,humerus,,
,in,,
,dorsaloblique,,
,view,,
,prominent,,
,above,,
,rest,,
,of,,
,pronotum,,
,;,,
,postpetiole,,
,seen,,
,from,,
,above,,
,diamondshaped,,
,.,,
,</sentence>,,
,<sentence>,,
,anteriorly,,
,the,,
,cuticle,,
,seems,,
,to,,
,split,,
,and,,
,its,,
,inner,,
,layer,,
,attached,,
,to,,
,the,,
,stoma,,
,wall,,
,or,,
,to,,
,the,,
,upper,,
,end,,
,of,,
,the,,
,pharynx,,
,forming,,
,an,,
,endocupola,,
,or,,
,internal,,
,skeleton,,
,of,,
,the,,
,head,,
,.,,
,there,,
,also,,
,a,,
,thickening,,
,of,,
,the,,
,median,,
,layer,,
,",",,
,which,,
,becomes,,
,filled,,
,with,,
,a,,
,fluid,,
,and,,
,called,,
,the,,
,cephalic,,
,ventricle,,
,.,,
,</sentence>,,
,<sentence>,,
,seeds,,
,reddish-brown,,
,to,,
,dark-brown,,
,",",,
,often,,
,with,,
,submarginal,,
,groove,,
,",",,
,broadly,,
,ovate,,
,",",,
,plump,,
,",",,
,0.4,,
,--,,
,0.5,,
,mm,,
,",",,
,smooth,,
,",",,
,often,,
,sculptured,,
,with,,
,parallel,,
,",",,
,wavy,,
,lines,,
,",",,
,papillae,,
,often,,
,present,,
,;,,
,wing,,
,often,,
,present,,
,",",,
,white,,
,",",,
,0.1,,
,--,,
,0.2,,
,mm,,
,wide,,
,",",,
,margins,,
,irregular,,
,.,,
,</sentence>,,
,<sentence>,,
,head,,
,",",,
,nape,,
,",",,
,and,,
,back,,
,a,,
,near,,
,uniform,,
,shade,,
,of,,
,brown-darker,,
,and,,
,more,,
,rufescent,,
,in,,
,eastern,,
,populations,,
,",",,
,paler,,
,and,,
,grayer,,
,in,,
,western,,
,populations,,
,.,,
,has,,
,only,,
,a,,
,pale,,
,",",,
,often,,
,indistinct,,
,superciliary,,
,line,,
,and,,
,no,,
,striping,,
,on,,
,crown,,
,.,,
,</sentence>,,
,<sentence>,,
,face,,
,narrowest,,
,near,,
,eye,,
,summits,,
,;,,
,inner,,
,orbit,,
,concave,,
,",",,
,curved,,
,toward,,
,central,,
,eye,,
,axis,,
,;,,
,frontal,,
,line,,
,cariniform,,
,",",,
,elevated,,
,at,,
,lower,,
,end,,
,above,,
,supraclypeal,,
,integument,,
,;,,
,apex,,
,of,,
,scape,,
,not,,
,surpassing,,
,upper,,
,eye,,
,margin,,
,;,,
,scutellum,,
,unmodified,,
,",",,
,convex,,
,in,,
,profile,,
,.,,
,</sentence>,,
,<sentence>,,
,parapsidal,,
,line,,
,usually,,
,elongate-linear,,
,",",,
,but,,
,if,,
,short,,
,",",,
,then,,
,situated,,
,well,,
,behind,,
,posterior,,
,end,,
,of,,
,median,,
,scutal,,
,line,,
,.,,
,</sentence>,,
,<sentence>,,
,valves,,
,flat,,
,",",,
,5-30,,
,µm,,
,in,,
,diameter,,
,.,,
,the,,
,margin,,
,well,,
,pronounced,,
,",",,
,very,,
,narrow,,
,",",,
,finely,,
,striated,,
,",",,
,often,,
,fracturable,,
,.,,
,</sentence>,,
,<sentence>,,
,the,,
,marginal,,
,zone,,
,with,,
,striae,,
,occupying,,
,1\/3,,
,of,,
,the,,
,valve,,
,diameter,,
,.,,
,striae,,
,composed,,
,of,,
,the,,
,same,,
,size,,
,areolae,,
,arranged,,
,in,,
,hexagonal,,
,array,,
,",",,
,forming,,
,2,,
,or,,
,4,,
,rows,,
,in,,
,the,,
,central,,
,side,,
,and,,
,up,,
,to,,
,5,,
,or,,
,6,,
,rows,,
,at,,
,the,,
,margin,,
,",",,
,10-14,,
,in,,
,10um,,
,.,,
,in,,
,the,,
,interior,,
,",",,
,marginal,,
,fultoportulae,,
,each,,
,with,,
,three,,
,struts,,
,occurring,,
,on,,
,every,,
,3rd,,
,to,,
,5th,,
,depressed,,
,interstria,,
,close,,
,to,,
,the,,
,valve,,
,margin,,
,.,,
,</sentence>,,
,<sentence>,,
,vertex,,
,swollen,,
,",",,
,in,,
,frontal,,
,view,,
,surpassing,,
,upper,,
,ocular,,
,margins,,
,by,,
,ocular,,
,width,,
,;,,
,head,,
,in,,
,frontal,,
,view,,
,nearly,,
,circular,,
,;,,
,inner,,
,margins,,
,of,,
,eyes,,
,not,,
,or,,
,only,,
,slightly,,
,convergent,,
,below,,
,;,,
,genal,,
,area,,
,broad,,
,",",,
,or,,
,",",,
,if,,
,head,,
,conspicu-ously,,
,rectangular,,
,and,,
,gena,,
,narrow,,
,",",,
,then,,
,thorax,,
,red,,
,.,,
,</sentence>,,
,<sentence>,,
,flowers,,
,closed,,
,;,,
,perianth,,
,2,,
,--,,
,3,,
,mm,,
,;,,
,tube,,
,10,,
,--,,
,18,,
,%,,
,of,,
,perianth,,
,length,,
,;,,
,tepals,,
,overlapping,,
,",",,
,pink,,
,with,,
,pink,,
,or,,
,white,,
,margins,,
,",",,
,petaloid,,
,",",,
,elliptic,,
,",",,
,navicular,,
,",",,
,apex,,
,acute,,
,to,,
,acuminate,,
,;,,
,midveins,,
,unbranched,,
,;,,
,stamens,,
,8,,
,.,,
,</sentence>,,
,<sentence>,,
,pinnae,,
,in,,
,most,,
,species,,
,rather,,
,deeply,,
,lobed,,
,;,,
,basal,,
,pinnae,,
,not,,
,reduced,,
,",",,
,but,,
,much,,
,narrowed,,
,at,,
,bases,,
,;,,
,aerophores,,
,at,,
,pinnae,,
,bases,,
,distinct,,
,but,,
,not,,
,swollen,,
,;,,
,lower,,
,surface,,
,with,,
,short,,
,",",,
,acicular,,
,hairs,,
,",",,
,also,,
,sessile,,
,or,,
,short-stalked,,
,glandular-hairs,,
,of,,
,various,,
,sizes,,
,and,,
,shapes,,
,from,,
,spherical,,
,to,,
,pyriform,,
,or,,
,clavate,,
,;,,
,larger,,
,hairs,,
,sometimes,,
,collapsing,,
,with,,
,drying,,
,;,,
,veins,,
,pinnate,,
,in,,
,pinna,,
,lobes,,
,;,,
,basal,,
,veins,,
,simple,,
,",",,
,either,,
,free,,
,and,,
,passing,,
,separately,,
,to,,
,the,,
,margin,,
,or,,
,anastomosing,,
,to,,
,form,,
,an,,
,excurrent,,
,vein,,
,;,,
,sinus,,
,membranes,,
,usually,,
,ending,,
,in,,
,a,,
,prominent,,
,tooth,,
,.,,
,</sentence>,,
,<sentence>,,
,voss,,
,failed,,
,to,,
,observe,,
,the,,
,row,,
,of,,
,spines,,
,along,,
,the,,
,posterior,,
,margin,,
,of,,
,the,,
,protibial,,
,apex,,
,.,,
,</sentence>,,
,<sentence>,,
,sori,,
,at,,
,the,,
,apices,,
,of,,
,ultimate,,
,segments,,
,",",,
,mostly,,
,on,,
,acroscopic,,
,side,,
,of,,
,pinnae,,
,",",,
,confined,,
,to,,
,upper,,
,portion,,
,of,,
,the,,
,frond,,
,;,,
,involucre,,
,obovate,,
,",",,
,bilabiate,,
,",",,
,divided,,
,to,,
,the,,
,middle,,
,",",,
,remainder,,
,immersed,,
,",",,
,2.5,,
,-3.2,,
,mm,,
,long,,
,",",,
,0.7,,
,-1.5,,
,mm,,
,wide,,
,;,,
,</sentence>,,
,<sentence>,,
,cephalic,,
,setae,,
,arising,,
,from,,
,the,,
,middle,,
,of,,
,cephalic,,
,capsule,,
,.,,
,</sentence>,,
,<sentence>,,
,eltry,,
,from,,
,the,,
,humeri,,
,onwards,,
,flatly,,
,roundly,,
,widened,,
,",",,
,such,,
,that,,
,the,,
,greatest,,
,width,,
,lies,,
,approximately,,
,in,,
,the,,
,middle,,
,.,,
,</sentence>,,
,<sentence>,,
,stipe,,
,4-8,,
,x,,
,2-3,,
,0.5,,
,cm,,
,",",,
,central,,
,",",,
,solid,,
,or,,
,narrowly,,
,stuffed,,
,",",,
,cylindrical,,
,to,,
,ventricose,,
,with,,
,pointed,,
,base,,
,",",,
,annulate,,
,in,,
,its,,
,lower,,
,or,,
,middle,,
,part,,
,",",,
,above,,
,the,,
,annulus,,
,white,,
,",",,
,smooth,,
,",",,
,below,,
,whitish,,
,",",,
,greyish,,
,or,,
,ochraceous,,
,",",,
,smooth,,
,or,,
,broken,,
,into,,
,broad,,
,transverse,,
,bands,,
,.,,
,</sentence>,,
,<sentence>,,
,longitudinal,,
,median,,
,specialized,,
,area,,
,of,,
,t5,,
,of,,
,female,,
,of,,
,nonparasitic,,
,forms,,
,not,,
,divided,,
,by,,
,a,,
,notch,,
,or,,
,cleft,,
,.,,
,</sentence>,,
,<sentence>,,
,metanotum,,
,with,,
,shallow,,
,medial,,
,notch,,
,;,,
,scutum,,
,without,,
,transverse,,
,crest,,
,of,,
,dense,,
,",",,
,plumose,,
,hair,,
,anteriorly,,
,;,,
,acetabular,,
,carina,,
,prominent,,
,on,,
,basal,,
,half,,
,of,,
,mandible,,
,",",,
,abruptly,,
,truncated,,
,.,,
,</sentence>,,
,<sentence>,,
,anterior,,
,clypeal,,
,margin,,
,with,,
,minute,,
,notch,,
,medially,,
,;,,
,clypeus,,
,in,,
,profile,,
,virtually,,
,straight,,
,with,,
,weakly,,
,impressed,,
,basal,,
,margin,,
,.,,
,</sentence>,,
,<sentence>,,
,capsules,,
,7,,
,--,,
,10,,
,mm,,
,",",,
,glabrous,,
,.,,
,seeds,,
,brownish,,
,black,,
,",",,
,suborbicular,,
,with,,
,hilar,,
,notch,,
,",",,
,2,,
,--,,
,2.4,,
,mm,,
,",",,
,tuberculate,,
,;,,
,tubercles,,
,rounded,,
,",",,
,elongate,,
,.,,
,</sentence>,,
,<sentence>,,
,central,,
,part,,
,of,,
,the,,
,valve,,
,strongly,,
,concave,,
,or,,
,convex,,
,",",,
,concentrically,,
,undulate,,
,.,,
,central,,
,area,,
,surrounded,,
,by,,
,central,,
,striae,,
,",",,
,punctuate,,
,or,,
,hyaline,,
,.,,
,</sentence>,,
,<sentence>,,
,buccal,,
,cavity,,
,large,,
,and,,
,narrow,,
,divided,,
,in,,
,two,,
,parts,,
,by,,
,a,,
,sclerotized,,
,transverse,,
,band,,
,",",,
,three,,
,teeth,,
,of,,
,which,,
,one,,
,ventrosublateral,,
,the,,
,largest,,
,.,,
,</sentence>,,
,<sentence>,,
,the,,
,terminal,,
,duct,,
,can,,
,end,,
,blindly,,
,in,,
,virgin,,
,females,,
,;,,
,number,,
,of,,
,terminal,,
,pores,,
,and,,
,ducts,,
,variable,,
,;,,
,glands,,
,present,,
,near,,
,the,,
,posterior,,
,part,,
,of,,
,the,,
,main,,
,duct,,
,.,,
,</sentence>,,
,<sentence>,,
,there,,
,four,,
,to,,
,five,,
,mantle,,
,fultoportulae,,
,.,,
,the,,
,internal,,
,view,,
,reveals,,
,a,,
,siliceous,,
,unstructured,,
,central,,
,area,,
,with,,
,the,,
,fultoportula,,
,surrounded,,
,by,,
,two,,
,or,,
,three,,
,satellite,,
,pores,,
,.,,
,this,,
,siliceous,,
,layer,,
,surrounded,,
,by,,
,a,,
,marginal,,
,area,,
,consisting,,
,of,,
,the,,
,costae,,
,",",,
,some,,
,with,,
,fultoportulae,,
,",",,
,which,,
,run,,
,towards,,
,the,,
,center,,
,of,,
,the,,
,valve,,
,face,,
,.,,
,</sentence>,,
,<sentence>,,
,amphid,,
,apertures,,
,minute,,
,",",,
,porelike,,
,",",,
,connected,,
,with,,
,fusus,,
,by,,
,slender,,
,and,,
,short,,
,amphidial,,
,duct,,
,.,,
,pharynx,,
,with,,
,seven,,
,pharyngeal,,
,gland,,
,cells,,
,.,,
,pharyngo-intestinal,,
,valve,,
,thin,,
,and,,
,disklike,,
,.,,
,excretory,,
,pore,,
,far,,
,back,,
,in,,
,pharyngeal,,
,region,,
,and,,
,often,,
,obscure,,
,.,,
,</sentence>,,
,<sentence>,,
,spicules,,
,enormously,,
,elongated,,
,",",,
,gubernaculum,,
,absent,,
,.,,
,demanian,,
,system,,
,well,,
,developed,,
,with,,
,uvette,,
,and,,
,moniliform,,
,terminal,,
,duct,,
,and,,
,pore,,
,",",,
,however,,
,",",,
,details,,
,unknown,,
,.,,
,</sentence>,,
,<sentence>,,
,antapex,,
,broadly,,
,rounded,,
,and,,
,truncate,,
,",",,
,notched,,
,by,,
,sulcus,,
,.,,
,girdle,,
,premedian,,
,",",,
,displaced,,
,about,,
,twice,,
,its,,
,width,,
,;,,
,furrow,,
,wide,,
,",",,
,deeply,,
,excavated,,
,.,,
,sulcus,,
,extending,,
,up,,
,the,,
,epicone,,
,for,,
,a,,
,short,,
,distance,,
,and,,
,to,,
,the,,
,antapex,,
,",",,
,narrow,,
,.,,
,flagella,,
,and,,
,pores,,
,not,,
,seen,,
,.,,
,</sentence>,,
,<sentence>,,
,spores,,
,5.2-8,,
,0.2,,
,x,,
,3.5-5,,
,?m,,
,",",,
,av,,
,.,,
,6.93,,
,x,,
,4.14,,
,?m,,
,",",,
,q,,
,#ERROR!,,
,1.37-1,,
,0.82,,
,",",,
,av,,
,.,,
,1.67,,
,",",,
,ellipsoid,,
,to,,
,oblong,,
,",",,
,brown,,
,lacking,,
,a,,
,germ,,
,pore,,
,",",,
,mon-bi,,
,or,,
,multiguttulate,,
,.,,
,</sentence>,,
,<sentence>,,
,female,,
,buccal,,
,cavity,,
,divided,,
,into,,
,two,,
,unequal,,
,portions,,
,by,,
,an,,
,anterior,,
,transverse,,
,band,,
,",",,
,ring,,
,or,,
,row,,
,of,,
,denticles,,
,;,,
,other,,
,rings,,
,",",,
,which,,
,might,,
,present,,
,faint,,
,and,,
,concentrated,,
,at,,
,the,,
,posterior,,
,end,,
,of,,
,the,,
,buccal,,
,cavity,,
,.,,
,</sentence>,,
,<sentence>,,
,flowers,,
,:,,
,calyx,,
,blue-purple,,
,in,,
,distal,,
,1\/2,,
,",",,
,with,,
,reddish-brown,,
,",",,
,short-pubescent,,
,ribs,,
,",",,
,funnelform,,
,;,,
,tube,,
,5,,
,--,,
,6,,
,mm,,
,",",,
,expanded,,
,portion,,
,5,,
,--,,
,7,,
,mm,,
,",",,
,lobes,,
,indistinct,,
,",",,
,glabrous,,
,;,,
,petals,,
,whitish,,
,",",,
,barely,,
,exceeding,,
,calyx,,
,.,,
,</sentence>,,
,<sentence>,,
,clypeus,,
,:,,
,anterior,,
,border,,
,deeply,,
,notched,,
,in,,
,the,,
,middle,,
,;,,
,mesial,,
,portion,,
,oblique,,
,",",,
,its,,
,sides,,
,marginate,,
,;,,
,posterior,,
,portion,,
,and,,
,frontal,,
,area,,
,somewhat,,
,impressed,,
,between,,
,triangular,,
,",",,
,laterally,,
,irregularly,,
,denticulate,,
,frontal,,
,lobes,,
,;,,
,frontal,,
,area,,
,prolonged,,
,caudad,,
,in,,
,the,,
,shape,,
,of,,
,a,,
,faint,,
,",",,
,fingerlike,,
,",",,
,distinctly,,
,circumscribed,,
,impression,,
,.,,
,</sentence>,,
,<sentence>,,
,mandibular,,
,apical,,
,margin,,
,more,,
,than,,
,half,,
,of,,
,mandibular,,
,length,,
,;,,
,mandible,,
,with,,
,two,,
,lower,,
,apical,,
,teeth,,
,followed,,
,by,,
,long,,
,undulate,,
,margin,,
,;,,
,lower,,
,margin,,
,of,,
,clypeus,,
,with,,
,median,,
,snoutlike,,
,projection,,
,;,,
,first,,
,recurrent,,
,vein,,
,nearly,,
,meeting,,
,first,,
,submarginal,,
,crossvein,,
,.,,
,</sentence>,,
,<sentence>,,
,distinguished,,
,by,,
,the,,
,comparatively,,
,large,,
,size,,
,and,,
,shiny,,
,appearance,,
,;,,
,as,,
,well,,
,as,,
,the,,
,explanate,,
,projections,,
,of,,
,the,,
,spiculum,,
,gastrale,,
,and,,
,the,,
,fused,,
,",",,
,apical,,
,",",,
,weakly,,
,sclerotized,,
,internal,,
,sclerite,,
,of,,
,the,,
,median,,
,lobe,,
,in,,
,males,,
,.,,
,</sentence>,,
,<sentence>,,
,median,,
,lobe,,
,l\/w,,
,#ERROR!,,
,3.3-3-8,,
,",",,
,internally,,
,with,,
,fused,,
,",",,
,large,,
,",",,
,elongate,,
,",",,
,narrow,,
,",",,
,fusiform,,
,sclerite,,
,",",,
,extending,,
,along,,
,basal,,
,1\/2,,
,",",,
,basal,,
,1\/2,,
,bifurcate,,
,",",,
,projections,,
,narrow,,
,",",,
,subparallel,,
,",",,
,superposed,,
,",",,
,centrally,,
,broadened,,
,",",,
,weakly,,
,sclerotized,,
,;,,
,aedeagal,,
,apodemes,,
,similar,,
,throughout,,
,.,,
,</sentence>,,
,<sentence>,,
,spermatheca,,
,apically,,
,rotundate,,
,",",,
,with,,
,short,,
,",",,
,membranous,,
,projection,,
,.,,
,</sentence>,,
,<sentence>,,
,the,,
,marginal,,
,alveoli,,
,partially,,
,occluded,,
,and,,
,coincident,,
,with,,
,the,,
,domed,,
,hyaline,,
,ridges,,
,on,,
,the,,
,outside,,
,.,,
,a,,
,single,,
,rimorportula,,
,occurs,,
,and,,
,always,,
,found,,
,close,,
,to,,
,the,,
,middle,,
,radius,,
,of,,
,the,,
,concave,,
,half,,
,of,,
,the,,
,valve,,
,.,,
,externally,,
,",",,
,it,,
,has,,
,the,,
,form,,
,of,,
,a,,
,slit,,
,housed,,
,in,,
,a,,
,sleeve-like,,
,projection,,
,and,,
,it,,
,replaces,,
,both,,
,the,,
,marginal,,
,fultoportula,,
,and,,
,the,,
,series,,
,of,,
,large,,
,and,,
,small,,
,spines,,
,at,,
,that,,
,point,,
,on,,
,the,,
,mantle,,
,.,,
,internally,,
,the,,
,rimoportula,,
,projects,,
,strongly,,
,",",,
,the,,
,end,,
,deflected,,
,",",,
,and,,
,the,,
,opening,,
,an,,
,s-shaped,,
,slit,,
,.,,
,fig,,
,also,,
,shows,,
,that,,
,the,,
,mantle,,
,surface,,
,regularly,,
,areolate,,
,with,,
,small,,
,and,,
,occasionally,,
,bifurcate,,
,spines,,
,.,,
,</sentence>,,
,<sentence>,,
,cheilocystidia,,
,polymorphic,,
,",",,
,in,,
,large,,
,numbers,,
,",",,
,hyaline,,
,",",,
,fusiform,,
,or,,
,clavate,,
,",",,
,at,,
,times,,
,capitate,,
,or,,
,subcapitate,,
,",",,
,rarely,,
,mucronate,,
,or,,
,with,,
,a,,
,short,,
,apical,,
,protuberance,,
,",",,
,usually,,
,flexuous,,
,and,,
,with,,
,some,,
,constrictions,,
,",",,
,mostly,,
,simple,,
,",",,
,at,,
,times,,
,with,,
,basal,,
,septa,,
,",",,
,terminal,,
,element,,
,15-41,,
,x,,
,7-12,,
,?m,,
,",",,
,anteterminal,,
,ones,,
,",",,
,when,,
,present,,
,",",,
,small,,
,",",,
,7-17,,
,x,,
,5-7,,
,?m,,
,.,,
,</sentence>,,
,<sentence>,,
,sexually,,
,monomorphic,,
,in,,
,plumage,,
,color,,
,and,,
,pattern,,
,.,,
,sexes,,
,usually,,
,separable,,
,during,,
,breeding,,
,season,,
,by,,
,presence,,
,of,,
,brood,,
,patch,,
,and,,
,cloacal,,
,protuberance,,
,",",,
,although,,
,males,,
,can,,
,develop,,
,a,,
,slight,,
,brood,,
,patch,,
,.,,
,</sentence>,,
,<sentence>,,
,propodeal,,
,teeth,,
,short,,
,",",,
,in,,
,profile,,
,thin,,
,",",,
,very,,
,short,,
,protuberance,,
,visible,,
,.,,
,dorsal,,
,crest,,
,of,,
,petiolar,,
,node,,
,with,,
,sharp,,
,",",,
,transversal,,
,edge,,
,",",,
,slightly,,
,emarginate,,
,in,,
,frontal,,
,view,,
,.,,
,</sentence>,,
,<sentence>,,
,in,,
,full,,
,face,,
,view,,
,lateral,,
,margin,,
,of,,
,head,,
,between,,
,eye,,
,and,,
,posterior,,
,corner,,
,forming,,
,a,,
,gentle,,
,convexity,,
,.,,
,pronotal,,
,spines,,
,absent,,
,",",,
,anterolateral,,
,corners,,
,of,,
,pronotum,,
,very,,
,slightly,,
,angular,,
,.,,
,posterior,,
,section,,
,of,,
,metanotum,,
,in,,
,approximately,,
,same,,
,plane,,
,as,,
,dorsal,,
,face,,
,of,,
,propodeum,,
,",",,
,junction,,
,of,,
,these,,
,plates,,
,indistinct,,
,.,,
,posterior,,
,face,,
,of,,
,propodeum,,
,between,,
,bases,,
,of,,
,spines,,
,and,,
,propodeal,,
,lobes,,
,with,,
,thin,,
,flanges,,
,.,,
,petiolar,,
,spines,,
,reduced,,
,to,,
,a,,
,small,,
,protuberance,,
,or,,
,angle,,
,.,,
,</sentence>,,
,<sentence>,,
,the,,
,cysts,,
,colorless,,
,and,,
,spherical,,
,or,,
,ovoid,,
,in,,
,shape,,
,.,,
,they,,
,sometimes,,
,contained,,
,a,,
,yellow-greenish,,
,residual,,
,body,,
,",",,
,which,,
,most,,
,likely,,
,represented,,
,the,,
,remnants,,
,of,,
,the,,
,plastidial,,
,complex,,
,.,,
,</sentence>,,
,<sentence>,,
,valves,,
,elevated,,
,or,,
,depressed,,
,in,,
,the,,
,center,,
,.,,
,the,,
,diameter,,
,2-12,,
,µm,,
,.,,
,the,,
,areolae,,
,of,,
,the,,
,valve,,
,face,,
,disorganized,,
,in,,
,the,,
,very,,
,center,,
,but,,
,continue,,
,in,,
,fascicles,,
,with,,
,two,,
,to,,
,three,,
,rows,,
,towards,,
,and,,
,onto,,
,the,,
,mantle,,
,",",,
,divided,,
,by,,
,raised,,
,interfascicles,,
,.,,
,specimens,,
,with,,
,slitlike,,
,or,,
,elongated,,
,openings,,
,of,,
,the,,
,areolae,,
,found,,
,at,,
,the,,
,end,,
,of,,
,every,,
,interfascicle,,
,occur,,
,spines,,
,or,,
,their,,
,remnants,,
,.,,
,</sentence>,,
,<sentence>,,
,spaces,,
,between,,
,foveolae,,
,smooth,,
,and,,
,shining,,
,.,,
,eye,,
,remnant,,
,barely,,
,visible,,
,;,,
,unpigmented,,
,.,,
,numerous,,
,short,,
,",",,
,decumbent,,
,to,,
,appressed,,
,setae,,
,present,,
,on,,
,dorsal,,
,surface,,
,of,,
,head,,
,",",,
,sparse,,
,appressed,,
,setae,,
,present,,
,on,,
,ventral,,
,cephalic,,
,surface,,
,.,,
,antennal,,
,scapes,,
,in,,
,repose,,
,extending,,
,about,,
,3,,
,\/,,
,4,,
,the,,
,distance,,
,towards,,
,the,,
,posterior,,
,corners,,
,of,,
,the,,
,head,,
,",",,
,with,,
,numerous,,
,erect,,
,or,,
,suberect,,
,hairs,,
,on,,
,outer,,
,surfaces,,
,.,,
,</sentence>,,
,<sentence>,,
,pileal,,
,surface,,
,smooth,,
,",",,
,silky,,
,to,,
,slightly,,
,fibrillose-squamose,,
,and,,
,dull,,
,.,,
,margin,,
,thin,,
,",",,
,exceeding,,
,lamellae,,
,by,,
,2,,
,mm,,
,",",,
,at,,
,times,,
,slightly,,
,appendiculate,,
,with,,
,whitish,,
,remnants,,
,of,,
,the,,
,annulus,,
,.,,
,</sentence>,,
,<sentence>,,
,vertex,,
,feebly,,
,concave,,
,;,,
,eyes,,
,distant,,
,from,,
,corners,,
,by,,
,more,,
,than,,
,el,,
,;,,
,anterior,,
,clypeal,,
,margin,,
,feebly,,
,projecting,,
,",",,
,median,,
,section,,
,concave,,
,between,,
,two,,
,rounded,,
,convexities,,
,.,,
,minor,,
,worker,,
,:,,
,anterior,,
,clypeal,,
,margin,,
,feebly,,
,projecting,,
,",",,
,mostly,,
,straight,,
,;,,
,vertex,,
,straight,,
,;,,
,eyes,,
,near,,
,corners,,
,.,,
,</sentence>,,
,<sentence>,,
,annulus,,
,simple,,
,",",,
,fragile,,
,",",,
,occasionally,,
,absent,,
,or,,
,intermediate,,
,reduced,,
,to,,
,a,,
,narrow,,
,girdle,,
,",",,
,triangular,,
,in,,
,section,,
,",",,
,when,,
,it,,
,detaches,,
,from,,
,the,,
,stipe,,
,naturally,,
,or,,
,follows,,
,the,,
,pileus,,
,margin,,
,on,,
,expansion,,
,",",,
,other,,
,times,,
,pendent,,
,on,,
,the,,
,stipe,,
,",",,
,thin,,
,",",,
,superous,,
,",",,
,simple,,
,or,,
,with,,
,small,,
,scales,,
,along,,
,the,,
,lower,,
,limb,,
,;,,
,upper,,
,surface,,
,white,,
,",",,
,smooth,,
,to,,
,shallowly,,
,striate,,
,",",,
,lower,,
,surface,,
,white,,
,",",,
,fibrillose,,
,.,,
,</sentence>,,
,<sentence>,,
,outer,,
,apex,,
,of,,
,hind,,
,tibia,,
,with,,
,at,,
,least,,
,one,,
,tooth,,
,;,,
,punctation,,
,of,,
,supraclypeal,,
,area,,
,and,,
,upper,,
,margin,,
,of,,
,clypeus,,
,so,,
,strong,,
,as,,
,to,,
,obscure,,
,or,,
,virtually,,
,obliterate,,
,transverse-section,,
,of,,
,epistomal,,
,suture,,
,.,,
,</sentence>,,
,<sentence>,,
,metasomal,,
,terga,,
,dull,,
,",",,
,scarcely,,
,metallic,,
,",",,
,with,,
,widely,,
,interrupted,,
,gradulus,,
,on,,
,t3,,
,;,,
,clypeus,,
,blackish,,
,",",,
,maculated,,
,with,,
,yellow,,
,",",,
,sparsely,,
,to,,
,moderately,,
,punctate,,
,;,,
,punctation,,
,of,,
,supraclypeal,,
,area,,
,and,,
,upper,,
,part,,
,of,,
,clypeus,,
,sparse,,
,",",,
,not,,
,obscuring,,
,transverse-section,,
,of,,
,epistomal,,
,suture,,
,;,,
,middle,,
,trochanter,,
,unarmed,,
,.,,
,</sentence>,,
,<sentence>,,
,almost,,
,all,,
,individuals,,
,examined,,
,had,,
,a,,
,full,,
,ring,,
,of,,
,central,,
,fultoportulae,,
,",",,
,but,,
,we,,
,have,,
,occasionally,,
,observed,,
,specimens,,
,with,,
,only,,
,a,,
,few,,
,.,,
,in,,
,these,,
,cases,,
,the,,
,fultoportulae,,
,occur,,
,only,,
,on,,
,the,,
,side,,
,of,,
,the,,
,valve,,
,that,,
,concave,,
,to,,
,the,,
,inside,,
,as,,
,in,,
,c.,,
,meneghiniana,,
,.,,
,</sentence>,,
,<sentence>,,
,beneath,,
,the,,
,base,,
,of,,
,the,,
,spine,,
,of,,
,the,,
,valve,,
,mantle,,
,the,,
,external,,
,openings,,
,of,,
,the,,
,marginal,,
,fultoportulae,,
,",",,
,and,,
,these,,
,guarded,,
,below,,
,by,,
,a,,
,medium-size,,
,spine,,
,and,,
,",",,
,on,,
,either,,
,side,,
,",",,
,by,,
,two,,
,small,,
,spines,,
,.,,
,</sentence>,,
,<sentence>,,
,valves,,
,circular,,
,with,,
,a,,
,rather,,
,strong,,
,undulation,,
,in,,
,the,,
,central,,
,valve,,
,face,,
,",",,
,11-28,,
,µm,,
,in,,
,diameter,,
,.,,
,the,,
,central,,
,zone,,
,without,,
,fultoportulae,,
,or,,
,rimoportulae,,
,or,,
,spines,,
,.,,
,the,,
,marginal,,
,zone,,
,with,,
,striae,,
,occupying,,
,1\/3,,
,of,,
,the,,
,valve,,
,diameter,,
,.,,
,striae,,
,composed,,
,of,,
,the,,
,same,,
,size,,
,areolae,,
,arranged,,
,in,,
,hexagonal,,
,array,,
,",",,
,forming,,
,2,,
,or,,
,4,,
,rows,,
,in,,
,the,,
,central,,
,side,,
,and,,
,up,,
,to,,
,5,,
,or,,
,6,,
,rows,,
,at,,
,the,,
,margin,,
,",",,
,10-14,,
,in,,
,10um,,
,.,,
,</sentence>,,
,<sentence>,,
,on,,
,the,,
,valve,,
,face,,
,there,,
,numerous,,
,valve,,
,face,,
,fultoportulae,,
,",",,
,either,,
,in,,
,a,,
,ring,,
,or,,
,scattered,,
,.,,
,the,,
,marginal,,
,striation,,
,very,,
,distinct,,
,",",,
,and,,
,the,,
,striae,,
,broaden,,
,only,,
,slightly,,
,towards,,
,the,,
,valve,,
,face,,
,\/,,
,mantle,,
,junction,,
,.,,
,some,,
,smaller,,
,specimens,,
,found,,
,with,,
,only,,
,3,,
,valve,,
,face,,
,fultoportulae,,
,",",,
,which,,
,can,,
,cause,,
,identification,,
,difficulties,,
,.,,
,but,,
,even,,
,when,,
,there,,
,only,,
,a,,
,few,,
,fultoportulae,,
,",",,
,these,,
,organized,,
,in,,
,a,,
,ring,,
,and,,
,not,,
,restricted,,
,to,,
,one,,
,side,,
,of,,
,the,,
,central,,
,area,,
,as,,
,in,,
,both,,
,c.,,
,meneghiniana,,
,and,,
,c.,,
,gamma,,
,.,,
,</sentence>,,
,<sentence>,,
,pinnules,,
,subsessile,,
,",",,
,dissected,,
,or,,
,not,,
,",",,
,to,,
,4,,
,-10,,
,mm,,
,long,,
,and,,
,3.5,,
,-6,,
,mm,,
,wide,,
,",",,
,flabellate,,
,to,,
,diamondshaped,,
,with,,
,the,,
,latter,,
,attached,,
,by,,
,the,,
,lower,,
,inside,,
,corner,,
,;,,
,large,,
,dissected,,
,pinnules,,
,incised,,
,on,,
,both,,
,sides,,
,;,,
,smaller,,
,pinnules,,
,dissected,,
,on,,
,upper,,
,side,,
,only,,
,;,,
,fertile,,
,pinnules,,
,with,,
,irregular,,
,margins,,
,.,,
,</sentence>,,
,<sentence>,,
,claws,,
,each,,
,with,,
,two,,
,teeth,,
,on,,
,underside,,
,;,,
,proboscidial,,
,fossa,,
,closed,,
,posteriorly,,
,by,,
,process,,
,from,,
,lower,,
,side,,
,of,,
,each,,
,genal,,
,area,,
,.,,
,</sentence>,,
,<sentence>,,
,in,,
,dorsoventral,,
,view,,
,the,,
,epicone,,
,rounded,,
,in,,
,surface,,
,outline,,
,",",,
,conical,,
,or,,
,truncate,,
,.,,
,the,,
,hypocone,,
,has,,
,convex,,
,sides,,
,",",,
,flattened,,
,antapically,,
,and,,
,has,,
,a,,
,slight,,
,indentation,,
,where,,
,the,,
,sulcus,,
,reaches,,
,the,,
,antapex,,
,.,,
,</sentence>,,
,<sentence>,,
,hymenophoral,,
,trama,,
,regular,,
,with,,
,a,,
,thin,,
,mediostratum,,
,of,,
,brownish,,
,hyphae,,
,in,,
,the,,
,lateral,,
,strata,,
,",",,
,3-12,,
,?m,,
,wide,,
,;,,
,subhymenium,,
,±,,
,pseudoparenchimatic,,
,.,,
,</sentence>,,
,<sentence>,,
,female,,
,plumage,,
,typically,,
,darker,,
,than,,
,that,,
,of,,
,males,,
,but,,
,sexes,,
,overlap,,
,in,,
,this,,
,regard,,
,.,,
,upperparts,,
,gold,,
,to,,
,buff,,
,and,,
,heavily,,
,marked,,
,with,,
,white,,
,and,,
,black,,
,.,,
,under,,
,parts,,
,variable,,
,with,,
,females,,
,tending,,
,to,,
,have,,
,more,,
,and,,
,larger,,
,spotting,,
,on,,
,wings,,
,and,,
,breast,,
,than,,
,males,,
,.,,
,some,,
,males,,
,unmarked,,
,white,,
,on,,
,ventral,,
,surface,,
,and,,
,some,,
,females,,
,dark,,
,buff,,
,heavily,,
,spotted,,
,with,,
,black,,
,.,,
,</sentence>,,
,<sentence>,,
,pileus,,
,5-12,,
,0.5,,
,cm,,
,in,,
,diameter,,
,",",,
,at,,
,first,,
,globose,,
,",",,
,then,,
,hemispherical,,
,or,,
,hemispherical-truncate,,
,",",,
,finally,,
,planoconvex,,
,or,,
,shallowly,,
,depressed,,
,in,,
,the,,
,middle,,
,",",,
,white,,
,",",,
,greyish-white,,
,",",,
,ochraceous,,
,or,,
,brown,,
,",",,
,frequently,,
,broken,,
,into,,
,patches,,
,indefinite,,
,in,,
,shape,,
,and,,
,size,,
,",",,
,irregularly,,
,distributed,,
,on,,
,a,,
,whitish,,
,background,,
,",",,
,excepted,,
,for,,
,the,,
,margin,,
,which,,
,remains,,
,white,,
,.,,
,margin,,
,striate,,
,on,,
,the,,
,lower,,
,surface,,
,and,,
,involute,,
,in,,
,young,,
,specimens,,
,",",,
,straight,,
,and,,
,exceeding,,
,the,,
,lamellae,,
,up,,
,to,,
,3,,
,mm,,
,in,,
,mature,,
,ones,,
,",",,
,entire,,
,or,,
,with,,
,small,,
,velar,,
,remnants,,
,.,,
,</sentence>,,
,<sentence>,,
,annulus,,
,superous,,
,or,,
,intermediate,,
,",",,
,simple,,
,",",,
,very,,
,narrow,,
,",",,
,sometimes,,
,membranous,,
,and,,
,1-2,,
,mm,,
,broad,,
,",",,
,but,,
,generally,,
,reduced,,
,to,,
,a,,
,small,,
,rim,,
,in,,
,mature,,
,basidiomata,,
,",",,
,upper,,
,surface,,
,white,,
,and,,
,slightly,,
,striate,,
,",",,
,lower,,
,surface,,
,white,,
,and,,
,fibrillose,,
,.,,
,</sentence>,,
,<sentence>,,
,lower,,
,surface,,
,of,,
,the,,
,annulus,,
,consisting,,
,of,,
,cylindrical,,
,hyphae,,
,3,,
,-,,
,6,,
,?m,,
,wide,,
,",",,
,not,,
,constricted,,
,at,,
,septa,,
,.,,
,</sentence>,,
,<sentence>,,
,pileipellis,,
,a,,
,cutis,,
,constituted,,
,by,,
,cylindrical,,
,",",,
,radially-arranged,,
,hyphae,,
,",",,
,5,,
,-,,
,10,,
,-,,
,12,,
,?m,,
,wide,,
,",",,
,not,,
,or,,
,slightly,,
,constricted,,
,at,,
,septa,,
,.,,
,chemical,,
,reactions,,
,:,,
,on,,
,unspoiled,,
,pileus,,
,surface,,
,and,,
,stipe,,
,base,,
,",",,
,negative,,
,or,,
,slowly,,
,orange,,
,",",,
,quickly,,
,orange,,
,or,,
,red,,
,",",,
,when,,
,previously,,
,rubbed,,
,",",,
,on,,
,rhizomorphs,,
,instantaneously,,
,red,,
,.,,
,</sentence>,,
,<sentence>,,
,cell,,
,roundish-oval,,
,",",,
,slightly,,
,variable,,
,in,,
,shape,,
,",",,
,somewhat,,
,flattened,,
,dorso-ventrally,,
,.,,
,in,,
,dorsoventral,,
,view,,
,the,,
,epicone,,
,rounded,,
,in,,
,surface,,
,outline,,
,",",,
,conical,,
,or,,
,truncate,,
,.,,
,</sentence>,,
,<sentence>,,
,the,,
,seam,,
,and,,
,sides,,
,of,,
,the,,
,elytra,,
,",",,
,though,,
,not,,
,the,,
,tip,,
,",",,
,rounded,,
,black,,
,brown,,
,.,,
,</sentence>,,
,<sentence>,,
,lamina,,
,ovate,,
,to,,
,somewhat,,
,obovate,,
,",",,
,to,,
,50,,
,cm,,
,or,,
,more,,
,long,,
,;,,
,pinnae,,
,15,,
,-25,,
,pairs,,
,",",,
,basal,,
,2,,
,-4,,
,pairs,,
,progressively,,
,reduced,,
,;,,
,basal,,
,pinnae,,
,c.,,
,4,,
,-5,,
,cm,,
,long,,
,",",,
,strongly,,
,auriculate,,
,on,,
,acroscopic,,
,base,,
,;,,
,largest,,
,pinnae,,
,c.,,
,8,,
,-10,,
,cm,,
,long,,
,",",,
,1.5,,
,-1.8,,
,cm,,
,wide,,
,",",,
,lobed,,
,half,,
,to,,
,two-thirds,,
,of,,
,way,,
,to,,
,costae,,
,;,,
,apex,,
,acuminate,,
,;,,
,pinna,,
,lobes,,
,slightly,,
,oblique,,
,with,,
,rounded,,
,tips,,
,.,,
,</sentence>,,
,<sentence>,,
,inflorescences,,
,:,,
,axes,,
,broadly,,
,2,,
,--,,
,3-winged,,
,",",,
,to,,
,100,,
,+,,
,cm,,
,×,,
,8,,
,mm,,
,",",,
,glabrous,,
,or,,
,pubescent,,
,",",,
,wings,,
,to,,
,ca,,
,.,,
,7,,
,mm,,
,wide,,
,",",,
,leaflike,,
,",",,
,net-veined,,
,",",,
,variable,,
,in,,
,width,,
,",",,
,interrupted,,
,at,,
,branch,,
,points,,
,",",,
,leaflike,,
,appendages,,
,absent,,
,;,,
,nonflowering,,
,branches,,
,absent,,
,;,,
,spikelets,,
,moderately,,
,to,,
,densely,,
,aggregated,,
,at,,
,tips,,
,of,,
,branches,,
,",",,
,internodes,,
,mostly,,
,3,,
,--,,
,8,,
,mm,,
,;,,
,subtending,,
,bracts,,
,5,,
,--,,
,7,,
,mm,,
,",",,
,acute,,
,to,,
,truncate,,
,at,,
,tips,,
,",",,
,margins,,
,and,,
,surfaces,,
,glabrous,,
,or,,
,often,,
,densely,,
,pubescent,,
,or,,
,fimbriate,,
,;,,
,flowers,,
,1,,
,--,,
,2,,
,per,,
,spikelet,,
,.,,
,</sentence>,,
,<sentence>,,
,total,,
,length,,
,of,,
,marginal,,
,cell,,
,much,,
,greater,,
,than,,
,that,,
,of,,
,stigma,,
,",",,
,about,,
,as,,
,long,,
,as,,
,distance,,
,from,,
,its,,
,apex,,
,to,,
,wing,,
,tip,,
,.,,
,</sentence>,,
,<sentence>,,
,frontal,,
,lobe,,
,in,,
,fullface,,
,view,,
,only,,
,partially,,
,concealing,,
,the,,
,toruli,,
,",",,
,not,,
,extending,,
,posteriorly,,
,as,,
,a,,
,frontal,,
,carina,,
,;,,
,antennal,,
,scrobe,,
,absent,,
,;,,
,posteromedian,,
,portion,,
,of,,
,clypeus,,
,narrowly,,
,inserted,,
,between,,
,frontal,,
,lobes,,
,;,,
,median,,
,clypeal,,
,seta,,
,well,,
,developed,,
,;,,
,1st,,
,paracarinal,,
,seta,,
,well,,
,developed,,
,;,,
,lateral,,
,portions,,
,of,,
,clypeus,,
,not,,
,forming,,
,a,,
,raised,,
,rim,,
,or,,
,shield,,
,wall,,
,in,,
,front,,
,of,,
,the,,
,antennal,,
,insertions,,
,.,,
,</sentence>,,
,<sentence>,,
,digestive,,
,system,,
,:,,
,enoplids,,
,have,,
,either,,
,three,,
,or,,
,six,,
,lips,,
,.,,
,the,,
,buccal,,
,cavity,,
,varies,,
,considerably,,
,in,,
,size,,
,and,,
,shape,,
,and,,
,a,,
,valuable,,
,taxonomic,,
,characteristic,,
,",",,
,reflecting,,
,the,,
,diverse,,
,feeding,,
,habits,,
,and,,
,trophic,,
,positions,,
,of,,
,the,,
,species,,
,.,,
,the,,
,buccal,,
,cavity,,
,can,,
,absent,,
,",",,
,small,,
,or,,
,large,,
,",",,
,with,,
,or,,
,without,,
,strong,,
,sclerotized,,
,walls,,
,and,,
,with,,
,or,,
,without,,
,armature,,
,.,,
,</sentence>,,
,<sentence>,,
,spicules,,
,with,,
,thick,,
,walls,,
,",",,
,about,,
,as,,
,long,,
,as,,
,cloacal,,
,diameter,,
,.,,
,</sentence>,,
,<sentence>,,
,buccal,,
,cavity,,
,large,,
,with,,
,heavily,,
,sclerotized,,
,walls,,
,",",,
,1,,
,--,,
,1.5,,
,times,,
,as,,
,long,,
,as,,
,broad,,
,.,,
,</sentence>,,
,<sentence>,,
,the,,
,latter,,
,situation,,
,may,,
,represent,,
,a,,
,later,,
,cyst,,
,stage,,
,.,,
,two,,
,layers,,
,surrounded,,
,the,,
,cyst,,
,",",,
,an,,
,inner,,
,smooth,,
,and,,
,relatively,,
,thick,,
,cyst,,
,wall,,
,and,,
,an,,
,outer,,
,more,,
,loosely,,
,attached,,
,layer,,
,.,,
,</sentence>,,
,<sentence>,,
,lamellae,,
,free,,
,",",,
,crowded,,
,",",,
,up,,
,to,,
,0.5,,
,cm,,
,broad,,
,",",,
,with,,
,lamellulae,,
,",",,
,at,,
,inception,,
,light,,
,pink-beige-grey,,
,to,,
,reddish-ochre,,
,",",,
,then,,
,chocolate,,
,brown,,
,to,,
,black,,
,",",,
,edge,,
,stained,,
,with,,
,cinnamon-coloured,,
,spots,,
,and,,
,finely,,
,dotted,,
,with,,
,whitish,,
,granules,,
,;,,
,when,,
,broken,,
,staining,,
,vinaceous,,
,blood,,
,red,,
,with,,
,violaceous-blackish,,
,zones,,
,.,,
,</sentence>,,
,<sentence>,,
,basal,,
,zone,,
,of,,
,propodeum,,
,margined,,
,posteriorly,,
,by,,
,weak,,
,carina,,
,;,,
,middle,,
,flagellar,,
,segments,,
,of,,
,male,,
,about,,
,twice,,
,as,,
,long,,
,as,,
,wide,,
,.,,
,</sentence>,,
,<sentence>,,
,valves,,
,circular,,
,with,,
,a,,
,rather,,
,strong,,
,undulation,,
,in,,
,the,,
,central,,
,valve,,
,face,,
,",",,
,11-28,,
,µm,,
,in,,
,diameter,,
,.,,
,the,,
,central,,
,zone,,
,without,,
,fultoportulae,,
,or,,
,rimoportulae,,
,or,,
,spines,,
,.,,
,the,,
,marginal,,
,zone,,
,with,,
,striae,,
,occupying,,
,1\/3,,
,of,,
,the,,
,valve,,
,diameter,,
,.,,
,</sentence>,,
